country,avg_d_kbps,avg_u_kbps,avg_lat_ms
Japan,87166.81944444444,86408.31944444444,20.27777777777778
Taiwan,97193.34226190475,45824.12967687075,10.153061224489797
The Philippines,53371.89831804282,47158.7370030581,14.896788990825687
